<?xml version="1.0" encoding="UTF-8"?>
<project-private xmlns="http://www.netbeans.org/ns/project-private/1">
    <editor-bookmarks xmlns="http://www.netbeans.org/ns/editor-bookmarks/2" lastBookmarkId="0"/>
    <open-files xmlns="http://www.netbeans.org/ns/projectui-open-files/2">
        <group>
            <file>file:/var/www/html/mediaGallery/resources/views/image-gallery.blade.php</file>
            <file>file:/var/www/html/mediaGallery/app/Http/Controllers/ImageGalleryController.php</file>
            <file>file:/var/www/html/mediaGallery/.env</file>
            <file>file:/var/www/html/mediaGallery/database/migrations/2019_08_20_140244_create_image_gallery_table.php</file>
            <file>file:/var/www/html/mediaGallery/routes/web.php</file>
            <file>file:/var/www/html/mediaGallery/app/ImageGallery.php</file>
        </group>
    </open-files>
</project-private>
